{
  "metadatos": {
    "herramienta": "SODA",
    "version": "1.0.0",
    "objetivo": "https://ginandjuice.shop/",
    "scan_duration_seconds": 39.83245,
    "scan_completed": "2026-02-17T14:44:38.776947"
  },
  "hallazgos": [
    {
      "module": "discoverer",
      "categoria": "map",
      "timestamp": "2026-02-17T14:44:18.653724",
      "data": {
        "urls": [
          "https://ginandjuice.shop/",
          "https://ginandjuice.shop/about",
          "https://ginandjuice.shop/blog",
          "https://ginandjuice.shop/blog/",
          "https://ginandjuice.shop/catalog",
          "https://ginandjuice.shop/catalog/",
          "https://ginandjuice.shop/my-account",
          "https://ginandjuice.shop/blog/post",
          "https://ginandjuice.shop/catalog/cart",
          "https://ginandjuice.shop/catalog/product"
        ],
        "urls_por_nivel": {
          "1": [
            "https://ginandjuice.shop/about",
            "https://ginandjuice.shop/blog",
            "https://ginandjuice.shop/blog/",
            "https://ginandjuice.shop/catalog",
            "https://ginandjuice.shop/catalog/",
            "https://ginandjuice.shop/my-account"
          ],
          "2": [
            "https://ginandjuice.shop/blog/post",
            "https://ginandjuice.shop/catalog/cart",
            "https://ginandjuice.shop/catalog/product"
          ],
          "3": []
        },
        "urls_truncadas": [],
        "urls_discovered": 10,
        "max_depth": 3,
        "exclude_paths": [],
        "base_url": "https://ginandjuice.shop/",
        "subdomains": [],
        "robots_txt": null,
        "sitemap": [],
        "get_params": {
          "productId": [
            [
              "2",
              "/catalog/product"
            ],
            [
              "3",
              "/catalog/product"
            ],
            [
              "1",
              "/catalog/product"
            ],
            [
              "1",
              "/catalog/product"
            ],
            [
              "2",
              "/catalog/product"
            ]
          ],
          "postId": [
            [
              "3",
              "/blog/post"
            ],
            [
              "4",
              "/blog/post"
            ],
            [
              "3",
              "/blog/post"
            ],
            [
              "4",
              "/blog/post"
            ],
            [
              "6",
              "/blog/post"
            ]
          ]
        }
      }
    },
    {
      "module": "visualizer",
      "categoria": "map",
      "timestamp": "2026-02-17T14:44:38.775351",
      "data": {
        "archivo_generado": "G:\\Mi unidad\\Soda\\reports\\ginandjuice.shop\\web_map.drawio",
        "archivo_drawio": "G:\\Mi unidad\\Soda\\reports\\ginandjuice.shop\\web_map.drawio",
        "urls_procesadas": 10,
        "rutas_unicas": 8,
        "modo": "automatico"
      }
    }
  ]
}